FSCM,CustPN,CustRev,CoastPN,CoastRev,Name,Eng,Date
99971,75282526,,,,,,
72152,020-011-000,J,,,,,
97151,8810307,,,,,,
15634,2123,,,,,,
26916,056-000442,,,,,,
6845,0665260-0501,C,,,,,
724,08-0048C-000,,,,,,
724,08-00691-000,,,,,,
724,09-00561-003,,,,,,
18876,10043864,,,,,,
18876,10176180,D2,,,,,
18876,10178315,C,,,,,
18876,10178403,,,,,,
18876,10288688,,,,,,
80223,1035987,NC,,,,,
19200,10548812,M,,,,,
19200,10548823,F,,,,,
33128,10548830,H,,,,,
82577,10559557,K,,,,,
3550,10771,,,,,,
91417,114020-001,,,,,,
6509,116985,,,,,,
19200,11732348,D,,,,,
19200,11743308,,,,,,
72314,1193-171,F,,,,,
10001,1226350,,,,,,
26512,128SCAV233-5,COAST COIL PART,,,,,
18876,13034307,COAST COIL,,,,,
18876,13036056,,,,,,
35351,137012-01,N/C,,,,,
35351,137813-01,,,,,,
35351,139259,,,,,,
35351,140785-01,J,,,,,
97942,145C801A01,,,,,,
97942,151C019A01,,,,,,
97942,151C022,,,,,,
97942,152A654,,,,,,
89661,152A67GH01,,,,,,
40956,154355,BLT @ COAST,,,,,
72964,15749,,,,,,
24361,16028431,,,,,,
10001,1655923,,,,,,
82577,984657-1,N,,,,,
37695,19535,,,,,,
8771,19C301719P001,,,,,,
22558,2049,,,,,,
98738,2064468,D,,,,,
10001,2262405,,,,,,
10001,2314604P2,,,,,,
19200,11732349,B,,,,,
98738,24P226784,,,,,,
10001,2560951,,,,,,
98738,25N210419,,,,,,
98738,25N233220,,,,,,
10001,2835373,A,,,,,
10001,3012326,,,,,,
98453,301999-3,COAST COIL,,,,,
XQ12,30478,B,,,,,
10001,3149262,,,,,,
90073,3173-511,,,,,,
,3468,,,,,,
82577,3499475,A,,,,,
49956,352520-2,,,,,,
37695,368428-1,,,,,,
49956,370034,D,,,,,
42498,37484-3,J,,,,,
49956,375MS189,,,,,,
14304,391-3562,,,,,,
6845,4030818-0702,,,,,,
7690,424571-01,B,,,,,
96238,43000093,NC,,,,,
96214,442516,,,,,,
96214,480904-2,,,,,,
53711,5190998,,,,,,
15786,51952,,,,,,
5395,S30490-1,B,,,,,
95750,54130562,,,,,,
95750,54310463,,,,,,
97151,8421508,A,,,,,
4655,56-80221-1,E,,,,,
12020,5728,,,,,,
97942,579R747,,,,,,
96214,586055,,,,,,
97151,8532053,,,,,,
9017,600665-01,C,,,,,
89661,602B885,,,,,,
89661,602B886,C,,,,,
4804,6056D95(J),,,,,,
4804,6058D92,,,,,,
35181,63508,,,,,,
8676,6548,,,,,,
22915,AL0014-2,,,,,,
96214,668755-3,,,,,,
96214,676862,NC,,,,,
13499,677-0224-010,,,,,,
13499,677-9510-000,,,,,,
89954,679B753P1,,,,,,
97151,67C1866,,,,,,
10001,695140,,,,,,
86197,71262011,,,,,,
86197,71262012,,,,,,
86197,71262018,,,,,,
18876,715962,,,,,,
95859,717751-1,B,,,,,
5869,722801-58,,,,,,
5869,722810-30,,,,,,
5869,722898-21,H,,,,,
87990,755002A7678-1,F,,,,,
87990,755090A0754-1,"B,NO BID/C-LYNN",,,,,
3538,7644913,,,,,,
3538,77C709205,,,,,,
3538,77C718405G1,,,,,,
97151,8340718,,,,,,
57057,8180000027,,,,,,
35918,X23-25,SEE 41624,,,,,
97151,8340721,,,,,,
49671,8551019,BLT @ COAST,,,,,
13973,860034-10,F,,,,,
80045,2919956,E,,,,,
96214,889283-1,,,,,,
6481,900128-11,M,,,,,
5257,905215,,,,,,
6481,905513-02,,,,,,
5257,9058988-1,,,,,,
18876,9072833,,,,,,
18876,9073419,,,,,,
18876,9166276,F,,,,,
18876,9167884,,,,,,
82577,948875-25,,,,,,
82577,956082,,,,,,
67177,95G3124,H,,,,,
82577,930448-1,K,,,,,
82577,983103,,,,,,
82577,983127-1,,,,,,
82577,984690-1,,,,,,
A0236,984747-1,B,,,,,
82577,984752-001C,D,,,,,
82577,984832-1C,C,,,,,
15090,986035-050,E,,,,,
82577,986126-1B,,,,,,
82577,986127-1B,F,,,,,
10001,996067,,,,,,
9306,A124181,D,,,,,
22915,AL0013,A/B03,,,,,
82005,C1500-09,C,,,,,
11982,C288845-1,NC,,,,,
11982,C288846-1,NC,,,,,
88818,C702866114,G,,,,,
88818,C702870612,E,,,,,
80378,CVC6070-3,,,,,,
6845,L284091-1,B,,,,,
8011,MIS-13680,F,,,,,
18876,MIS-13685/28-2,11/26/1973,,,,,
,MIS-13653/1,,,,,,
28528,ON270725,,,,,,
9344,PC76057-1,,,,,,
9344,PS5180-1,,,,,,
80063,SC-D-1736N,,,,,,
80063,SM-A-581191,,,,,,
80063,SM-A-742456-1,E,,,,,
80063,SM-A-945004,,,,,,
80063,SM-B-526514-2,,,,,,
80063,SM-B-528752,,,,,,
80063,SM-B-619128,,,,,,
XQ25,SM-C-379640,A,,,,,
80063,SM-C-423445,R,,,,,
80063,SM-C-456335,,,,,,
80063,SM-C-583132,,,,,,
80063,SM-C-587384,,,,,,
80063,SM-C-692731,,,,,,
80063,SM-C-800898-1,C,,,,,
80063,SM-D-551072,,,,,,
62,T1816,,,,,,
A0036,TGT-2805,2,,,,,
98438,TR12006,,,,,,
31395,B1331696,NC,,,,,
70143,1267683-4,G,,,,,
30003,2478S-C-2072,,,,,,
82577,920013-16(DUP ),E,,,,,
,50108,,,,,,
,30681,,,,,,
,ON351209-1,A,,,,,
,30709,E,,,,,
22558,1201-1,B,,,,,
A0548,3015-2046,,,,,,
6481,7138671-1,A,,,,,
